sigma_fair,sigma_offset,option_type,num_zeros,boundary_type,lower_boundary,upper_boundary,early_exercise_premium,american_value,european_value
0.2,0.0,call,200,multiple_200,50.25,149.75,0.0,0.0,0.0
0.2,0.0,put,200,multiple_200,50.25,149.75,0.0,0.0,0.0
0.2,0.01,call,0,always_exercise,,,0.0,0.37570374206513435,0.37570374206513435
0.2,0.01,put,0,always_exercise,,,0.0,0.37570374206513435,0.37570374206513435
0.2,0.02,call,0,always_exercise,,,0.0,0.7522276197748354,0.7522276197748354
0.2,0.02,put,0,always_exercise,,,0.0,0.7522276197748283,0.7522276197748283
0.2,0.03,call,0,always_exercise,,,0.0,1.1294308570324318,1.1294308570324318
0.2,0.03,put,0,always_exercise,,,0.0,1.1294308570324318,1.1294308570324318
0.2,0.04,call,0,always_exercise,,,0.0,1.5071941258391632,1.5071941258391632
0.2,0.04,put,0,always_exercise,,,0.0,1.5071941258391632,1.5071941258391632
0.2,0.05,call,0,always_exercise,,,0.0,1.8854153581831525,1.8854153581831525
0.2,0.05,put,0,always_exercise,,,0.0,1.8854153581831525,1.8854153581831525
0.2,0.06,call,0,always_exercise,,,0.0,2.2640065000828997,2.2640065000828997
0.2,0.06,put,0,always_exercise,,,0.0,2.2640065000828997,2.2640065000828997
0.2,0.07,call,0,always_exercise,,,0.0,2.6428909702947863,2.6428909702947863
0.2,0.07,put,0,always_exercise,,,0.0,2.6428909702947863,2.6428909702947863
0.2,0.08,call,0,always_exercise,,,0.0,3.0220016520144526,3.0220016520144526
0.2,0.08,put,0,always_exercise,,,0.0,3.0220016520144526,3.0220016520144526
0.2,0.09,call,0,always_exercise,,,0.0,3.4012792919514254,3.4012792919514254
0.2,0.09,put,0,always_exercise,,,0.0,3.4012792919514254,3.4012792919514254
0.2,0.1,call,0,always_exercise,,,0.0,3.780671213800261,3.780671213800261
0.2,0.1,put,0,always_exercise,,,0.0,3.780671213800261,3.780671213800261
0.21000000000000002,0.0,call,200,multiple_200,50.25,149.75,0.0,0.0,0.0
0.21000000000000002,0.0,put,200,multiple_200,50.25,149.75,0.0,0.0,0.0
0.21000000000000002,0.01,call,0,always_exercise,,,0.0,0.3765238777097011,0.3765238777097011
0.21000000000000002,0.01,put,0,always_exercise,,,0.0,0.376523877709694,0.376523877709694
0.21000000000000002,0.02,call,0,always_exercise,,,0.0,0.7537271149672975,0.7537271149672975
0.21000000000000002,0.02,put,0,always_exercise,,,0.0,0.7537271149672975,0.7537271149672975
0.21000000000000002,0.03,call,0,always_exercise,,,0.0,1.1314903837740289,1.1314903837740289
0.21000000000000002,0.03,put,0,always_exercise,,,0.0,1.1314903837740289,1.1314903837740289
0.21000000000000002,0.04,call,0,always_exercise,,,0.0,1.5097116161180182,1.5097116161180182
0.21000000000000002,0.04,put,0,always_exercise,,,0.0,1.5097116161180182,1.5097116161180182
0.21000000000000002,0.05,call,0,always_exercise,,,0.0,1.8883027580177654,1.8883027580177654
0.21000000000000002,0.05,put,0,always_exercise,,,0.0,1.8883027580177654,1.8883027580177654
0.21000000000000002,0.06,call,0,always_exercise,,,0.0,2.267187228229652,2.267187228229652
0.21000000000000002,0.06,put,0,always_exercise,,,0.0,2.267187228229652,2.267187228229652
0.21000000000000002,0.07,call,0,always_exercise,,,0.0,2.6462979099493182,2.6462979099493182
0.21000000000000002,0.07,put,0,always_exercise,,,0.0,2.6462979099493182,2.6462979099493182
0.21000000000000002,0.08,call,0,always_exercise,,,0.0,3.025575549886291,3.025575549886291
0.21000000000000002,0.08,put,0,always_exercise,,,0.0,3.025575549886291,3.025575549886291
0.21000000000000002,0.09,call,0,always_exercise,,,0.0,3.4049674717351266,3.4049674717351266
0.21000000000000002,0.09,put,0,always_exercise,,,0.0,3.4049674717351266,3.4049674717351266
0.21000000000000002,0.1,call,0,always_exercise,,,0.0,3.7844265344919563,3.7844265344919563
0.21000000000000002,0.1,put,0,always_exercise,,,0.0,3.784426534491949,3.784426534491949
0.22,0.0,call,200,multiple_200,50.25,149.75,0.0,0.0,0.0
0.22,0.0,put,200,multiple_200,50.25,149.75,0.0,0.0,0.0
0.22,0.01,call,0,always_exercise,,,0.0,0.3772032372575964,0.3772032372575964
0.22,0.01,put,0,always_exercise,,,0.0,0.3772032372576035,0.3772032372576035
0.22,0.02,call,0,always_exercise,,,0.0,0.7549665060643278,0.7549665060643278
0.22,0.02,put,0,always_exercise,,,0.0,0.7549665060643349,0.7549665060643349
0.22,0.03,call,0,always_exercise,,,0.0,1.133187738408317,1.133187738408317
0.22,0.03,put,0,always_exercise,,,0.0,1.1331877384083242,1.1331877384083242
0.22,0.04,call,0,always_exercise,,,0.0,1.5117788803080643,1.5117788803080643
0.22,0.04,put,0,always_exercise,,,0.0,1.5117788803080714,1.5117788803080714
0.22,0.05,call,0,always_exercise,,,0.0,1.8906633505199508,1.8906633505199508
0.22,0.05,put,0,always_exercise,,,0.0,1.890663350519958,1.890663350519958
0.22,0.06,call,0,always_exercise,,,0.0,2.269774032239617,2.269774032239617
0.22,0.06,put,0,always_exercise,,,0.0,2.2697740322396243,2.2697740322396243
0.22,0.07,call,0,always_exercise,,,0.0,2.64905167217659,2.64905167217659
0.22,0.07,put,0,always_exercise,,,0.0,2.649051672176597,2.649051672176597
0.22,0.08,call,0,always_exercise,,,0.0,3.0284435940254184,3.0284435940254184
0.22,0.08,put,0,always_exercise,,,0.0,3.0284435940254326,3.0284435940254326
0.22,0.09,call,0,always_exercise,,,0.0,3.4079026567822552,3.4079026567822552
0.22,0.09,put,0,always_exercise,,,0.0,3.4079026567822552,3.4079026567822552
0.22,0.1,call,0,always_exercise,,,0.0,3.787386405360458,3.787386405360458
0.22,0.1,put,0,always_exercise,,,0.0,3.787386405360472,3.787386405360472
0.23,0.0,call,200,multiple_200,50.25,149.75,0.0,0.0,0.0
0.23,0.0,put,200,multiple_200,50.25,149.75,0.0,0.0,0.0
0.23,0.01,call,0,always_exercise,,,0.0,0.3777632688067314,0.3777632688067314
0.23,0.01,put,0,always_exercise,,,0.0,0.3777632688067314,0.3777632688067314
0.23,0.02,call,0,always_exercise,,,0.0,0.7559845011507207,0.7559845011507207
0.23,0.02,put,0,always_exercise,,,0.0,0.7559845011507207,0.7559845011507207
0.23,0.03,call,0,always_exercise,,,0.0,1.1345756430504679,1.1345756430504679
0.23,0.03,put,0,always_exercise,,,0.0,1.1345756430504679,1.1345756430504679
0.23,0.04,call,0,always_exercise,,,0.0,1.5134601132623544,1.5134601132623544
0.23,0.04,put,0,always_exercise,,,0.0,1.5134601132623544,1.5134601132623544
0.23,0.05,call,0,always_exercise,,,0.0,1.8925707949820207,1.8925707949820207
0.23,0.05,put,0,always_exercise,,,0.0,1.8925707949820207,1.8925707949820207
0.23,0.06,call,0,always_exercise,,,0.0,2.2718484349189936,2.2718484349189936
0.23,0.06,put,0,always_exercise,,,0.0,2.2718484349189936,2.2718484349189936
0.23,0.07,call,0,always_exercise,,,0.0,2.651240356767829,2.651240356767829
0.23,0.07,put,0,always_exercise,,,0.0,2.651240356767829,2.651240356767829
0.23,0.08,call,0,always_exercise,,,0.0,3.030699419524659,3.030699419524659
0.23,0.08,put,0,always_exercise,,,0.0,3.0306994195246517,3.0306994195246517
0.23,0.09,call,0,always_exercise,,,0.0,3.4101831681028614,3.4101831681028614
0.23,0.09,put,0,always_exercise,,,0.0,3.4101831681028685,3.4101831681028685
0.23,0.1,call,0,always_exercise,,,0.0,3.789653136178508,3.789653136178508
0.23,0.1,put,0,always_exercise,,,0.0,3.789653136178508,3.789653136178508
0.24000000000000002,0.0,call,200,multiple_200,50.25,149.75,0.0,0.0,0.0
0.24000000000000002,0.0,put,200,multiple_200,50.25,149.75,0.0,0.0,0.0
0.24000000000000002,0.01,call,0,always_exercise,,,0.0,0.3782212323439893,0.3782212323439893
0.24000000000000002,0.01,put,0,always_exercise,,,0.0,0.3782212323439893,0.3782212323439893
0.24000000000000002,0.02,call,0,always_exercise,,,0.0,0.7568123742437365,0.7568123742437365
0.24000000000000002,0.02,put,0,always_exercise,,,0.0,0.7568123742437365,0.7568123742437365
0.24000000000000002,0.03,call,0,always_exercise,,,0.0,1.135696844455623,1.135696844455623
0.24000000000000002,0.03,put,0,always_exercise,,,0.0,1.135696844455623,1.135696844455623
0.24000000000000002,0.04,call,0,always_exercise,,,0.0,1.5148075261752894,1.5148075261752894
0.24000000000000002,0.04,put,0,always_exercise,,,0.0,1.5148075261752894,1.5148075261752894
0.24000000000000002,0.05,call,0,always_exercise,,,0.0,1.8940851661122622,1.8940851661122622
0.24000000000000002,0.05,put,0,always_exercise,,,0.0,1.8940851661122622,1.8940851661122622
0.24000000000000002,0.06,call,0,always_exercise,,,0.0,2.2734770879610977,2.2734770879610977
0.24000000000000002,0.06,put,0,always_exercise,,,0.0,2.2734770879610977,2.2734770879610977
0.24000000000000002,0.07,call,0,always_exercise,,,0.0,2.6529361507179274,2.6529361507179274
0.24000000000000002,0.07,put,0,always_exercise,,,0.0,2.6529361507179203,2.6529361507179203
0.24000000000000002,0.08,call,0,always_exercise,,,0.0,3.03241989929613,3.03241989929613
0.24000000000000002,0.08,put,0,always_exercise,,,0.0,3.032419899296137,3.032419899296137
0.24000000000000002,0.09,call,0,always_exercise,,,0.0,3.4118898673717766,3.4118898673717766
0.24000000000000002,0.09,put,0,always_exercise,,,0.0,3.4118898673717766,3.4118898673717766
0.24000000000000002,0.1,call,0,always_exercise,,,0.0,3.791311001636153,3.791311001636153
0.24000000000000002,0.1,put,0,always_exercise,,,0.0,3.791311001636153,3.791311001636153
0.25,0.0,call,200,multiple_200,50.25,149.75,0.0,0.0,0.0
0.25,0.0,put,200,multiple_200,50.25,149.75,0.0,0.0,0.0
0.25,0.01,call,0,always_exercise,,,0.0,0.3785911418997472,0.3785911418997472
0.25,0.01,put,0,always_exercise,,,0.0,0.3785911418997472,0.3785911418997472
0.25,0.02,call,0,always_exercise,,,0.0,0.7574756121116337,0.7574756121116337
0.25,0.02,put,0,always_exercise,,,0.0,0.7574756121116337,0.7574756121116337
0.25,0.03,call,0,always_exercise,,,0.0,1.1365862938313,1.1365862938313
0.25,0.03,put,0,always_exercise,,,0.0,1.1365862938313,1.1365862938313
0.25,0.04,call,0,always_exercise,,,0.0,1.5158639337682729,1.5158639337682729
0.25,0.04,put,0,always_exercise,,,0.0,1.5158639337682729,1.5158639337682729
0.25,0.05,call,0,always_exercise,,,0.0,1.8952558556171013,1.8952558556171013
0.25,0.05,put,0,always_exercise,,,0.0,1.8952558556171084,1.8952558556171084
0.25,0.06,call,0,always_exercise,,,0.0,2.274714918373938,2.274714918373938
0.25,0.06,put,0,always_exercise,,,0.0,2.274714918373931,2.274714918373931
0.25,0.07,call,0,always_exercise,,,0.0,2.6541986669521407,2.6541986669521407
0.25,0.07,put,0,always_exercise,,,0.0,2.654198666952148,2.654198666952148
0.25,0.08,call,0,always_exercise,,,0.0,3.0336686350277873,3.0336686350277873
0.25,0.08,put,0,always_exercise,,,0.0,3.0336686350277873,3.0336686350277873
0.25,0.09,call,0,always_exercise,,,0.0,3.4130897692921636,3.4130897692921636
0.25,0.09,put,0,always_exercise,,,0.0,3.4130897692921636,3.4130897692921636
0.25,0.1,call,0,always_exercise,,,0.0,3.7924299512071613,3.7924299512071613
0.25,0.1,put,0,always_exercise,,,0.0,3.7924299512071684,3.7924299512071684
0.26,0.0,call,200,multiple_200,50.25,149.75,0.0,0.0,0.0
0.26,0.0,put,200,multiple_200,50.25,149.75,0.0,0.0,0.0
0.26,0.01,call,0,always_exercise,,,0.0,0.37888447021188654,0.37888447021188654
0.26,0.01,put,0,always_exercise,,,0.0,0.37888447021188654,0.37888447021188654
0.26,0.02,call,0,always_exercise,,,0.0,0.7579951519315529,0.7579951519315529
0.26,0.02,put,0,always_exercise,,,0.0,0.7579951519315529,0.7579951519315529
0.26,0.03,call,0,always_exercise,,,0.0,1.1372727918685257,1.1372727918685257
0.26,0.03,put,0,always_exercise,,,0.0,1.1372727918685257,1.1372727918685257
0.26,0.04,call,0,always_exercise,,,0.0,1.5166647137173541,1.5166647137173541
0.26,0.04,put,0,always_exercise,,,0.0,1.5166647137173612,1.5166647137173612
0.26,0.05,call,0,always_exercise,,,0.0,1.896123776474191,1.896123776474191
0.26,0.05,put,0,always_exercise,,,0.0,1.8961237764741838,1.8961237764741838
0.26,0.06,call,0,always_exercise,,,0.0,2.2756075250523935,2.2756075250523935
0.26,0.06,put,0,always_exercise,,,0.0,2.2756075250524006,2.2756075250524006
0.26,0.07,call,0,always_exercise,,,0.0,2.65507749312804,2.65507749312804
0.26,0.07,put,0,always_exercise,,,0.0,2.65507749312804,2.65507749312804
0.26,0.08,call,0,always_exercise,,,0.0,3.0344986273924164,3.0344986273924164
0.26,0.08,put,0,always_exercise,,,0.0,3.0344986273924164,3.0344986273924164
0.26,0.09,call,0,always_exercise,,,0.0,3.413838809307414,3.413838809307414
0.26,0.09,put,0,always_exercise,,,0.0,3.4138388093074212,3.4138388093074212
0.26,0.1,call,0,always_exercise,,,0.0,3.7930684556818406,3.7930684556818406
0.26,0.1,put,0,always_exercise,,,0.0,3.7930684556818406,3.7930684556818406
0.27,0.0,call,200,multiple_200,50.25,149.75,0.0,0.0,0.0
0.27,0.0,put,200,multiple_200,50.25,149.75,0.0,0.0,0.0
0.27,0.01,call,0,always_exercise,,,0.0,0.37911068171966633,0.37911068171966633
0.27,0.01,put,0,always_exercise,,,0.0,0.37911068171966633,0.37911068171966633
0.27,0.02,call,0,always_exercise,,,0.0,0.7583883216566392,0.7583883216566392
0.27,0.02,put,0,always_exercise,,,0.0,0.7583883216566392,0.7583883216566392
0.27,0.03,call,0,always_exercise,,,0.0,1.1377802435054747,1.1377802435054747
0.27,0.03,put,0,always_exercise,,,0.0,1.1377802435054747,1.1377802435054747
0.27,0.04,call,0,always_exercise,,,0.0,1.5172393062623044,1.5172393062623044
0.27,0.04,put,0,always_exercise,,,0.0,1.5172393062622973,1.5172393062622973
0.27,0.05,call,0,always_exercise,,,0.0,1.896723054840507,1.896723054840507
0.27,0.05,put,0,always_exercise,,,0.0,1.896723054840514,1.896723054840514
0.27,0.06,call,0,always_exercise,,,0.0,2.2761930229161536,2.2761930229161536
0.27,0.06,put,0,always_exercise,,,0.0,2.2761930229161536,2.2761930229161536
0.27,0.07,call,0,always_exercise,,,0.0,2.65561415718053,2.65561415718053
0.27,0.07,put,0,always_exercise,,,0.0,2.65561415718053,2.65561415718053
0.27,0.08,call,0,always_exercise,,,0.0,3.034954339095542,3.034954339095542
0.27,0.08,put,0,always_exercise,,,0.0,3.0349543390955347,3.0349543390955347
0.27,0.09,call,0,always_exercise,,,0.0,3.414183985469954,3.414183985469954
0.27,0.09,put,0,always_exercise,,,0.0,3.414183985469954,3.414183985469954
0.27,0.1,call,0,always_exercise,,,0.0,3.7932757131494697,3.7932757131494697
0.27,0.1,put,0,always_exercise,,,0.0,3.7932757131494697,3.7932757131494697
0.28,0.0,call,200,multiple_200,50.25,149.75,0.0,0.0,0.0
0.28,0.0,put,200,multiple_200,50.25,149.75,0.0,0.0,0.0
0.28,0.01,call,0,always_exercise,,,0.0,0.37927763993697283,0.37927763993697283
0.28,0.01,put,0,always_exercise,,,0.0,0.37927763993697283,0.37927763993697283
0.28,0.02,call,0,always_exercise,,,0.0,0.7586695617858084,0.7586695617858084
0.28,0.02,put,0,always_exercise,,,0.0,0.7586695617858084,0.7586695617858084
0.28,0.03,call,0,always_exercise,,,0.0,1.138128624542638,1.138128624542638
0.28,0.03,put,0,always_exercise,,,0.0,1.138128624542631,1.138128624542631
0.28,0.04,call,0,always_exercise,,,0.0,1.5176123731208406,1.5176123731208406
0.28,0.04,put,0,always_exercise,,,0.0,1.5176123731208477,1.5176123731208477
0.28,0.05,call,0,always_exercise,,,0.0,1.8970823411964872,1.8970823411964872
0.28,0.05,put,0,always_exercise,,,0.0,1.8970823411964872,1.8970823411964872
0.28,0.06,call,0,always_exercise,,,0.0,2.2765034754608635,2.2765034754608635
0.28,0.06,put,0,always_exercise,,,0.0,2.2765034754608635,2.2765034754608635
0.28,0.07,call,0,always_exercise,,,0.0,2.6558436573758755,2.6558436573758755
0.28,0.07,put,0,always_exercise,,,0.0,2.6558436573758684,2.6558436573758684
0.28,0.08,call,0,always_exercise,,,0.0,3.035073303750295,3.035073303750295
0.28,0.08,put,0,always_exercise,,,0.0,3.0350733037502877,3.0350733037502877
0.28,0.09,call,0,always_exercise,,,0.0,3.4141650314298033,3.4141650314298033
0.28,0.09,put,0,always_exercise,,,0.0,3.4141650314298033,3.4141650314298033
0.28,0.1,call,0,always_exercise,,,0.0,3.7930933744435222,3.7930933744435222
0.28,0.1,put,0,always_exercise,,,0.0,3.793093374443515,3.793093374443515
0.29000000000000004,0.0,call,200,multiple_200,50.25,149.75,0.0,0.0,0.0
0.29000000000000004,0.0,put,200,multiple_200,50.25,149.75,0.0,0.0,0.0
0.29000000000000004,0.01,call,0,always_exercise,,,0.0,0.3793919218488355,0.3793919218488355
0.29000000000000004,0.01,put,0,always_exercise,,,0.0,0.3793919218488355,0.3793919218488355
0.29000000000000004,0.02,call,0,always_exercise,,,0.0,0.7588509846056652,0.7588509846056652
0.29000000000000004,0.02,put,0,always_exercise,,,0.0,0.7588509846056581,0.7588509846056581
0.29000000000000004,0.03,call,0,always_exercise,,,0.0,1.138334733183875,1.138334733183875
0.29000000000000004,0.03,put,0,always_exercise,,,0.0,1.138334733183875,1.138334733183875
0.29000000000000004,0.04,call,0,always_exercise,,,0.0,1.5178047012595144,1.5178047012595144
0.29000000000000004,0.04,put,0,always_exercise,,,0.0,1.5178047012595144,1.5178047012595144
0.29000000000000004,0.05,call,0,always_exercise,,,0.0,1.8972258355238907,1.8972258355238907
0.29000000000000004,0.05,put,0,always_exercise,,,0.0,1.8972258355238907,1.8972258355238907
0.29000000000000004,0.06,call,0,always_exercise,,,0.0,2.2765660174389026,2.2765660174389026
0.29000000000000004,0.06,put,0,always_exercise,,,0.0,2.2765660174388955,2.2765660174388955
0.29000000000000004,0.07,call,0,always_exercise,,,0.0,2.655795663813322,2.655795663813322
0.29000000000000004,0.07,put,0,always_exercise,,,0.0,2.655795663813315,2.655795663813315
0.29000000000000004,0.08,call,0,always_exercise,,,0.0,3.0348873914928305,3.0348873914928305
0.29000000000000004,0.08,put,0,always_exercise,,,0.0,3.0348873914928305,3.0348873914928305
0.29000000000000004,0.09,call,0,always_exercise,,,0.0,3.4138157345065494,3.4138157345065494
0.29000000000000004,0.09,put,0,always_exercise,,,0.0,3.4138157345065423,3.4138157345065423
0.29000000000000004,0.1,call,0,always_exercise,,,0.0,3.7925569043700023,3.7925569043700023
0.29000000000000004,0.1,put,0,always_exercise,,,0.0,3.7925569043700023,3.7925569043700023
0.30000000000000004,0.0,call,200,multiple_200,50.25,149.75,0.0,0.0,0.0
0.30000000000000004,0.0,put,200,multiple_200,50.25,149.75,0.0,0.0,0.0
0.30000000000000004,0.01,call,0,always_exercise,,,0.0,0.3794590627568297,0.3794590627568297
0.30000000000000004,0.01,put,0,always_exercise,,,0.0,0.3794590627568226,0.3794590627568226
0.30000000000000004,0.02,call,0,always_exercise,,,0.0,0.7589428113350394,0.7589428113350394
0.30000000000000004,0.02,put,0,always_exercise,,,0.0,0.7589428113350394,0.7589428113350394
0.30000000000000004,0.03,call,0,always_exercise,,,0.0,1.1384127794106789,1.1384127794106789
0.30000000000000004,0.03,put,0,always_exercise,,,0.0,1.1384127794106789,1.1384127794106789
0.30000000000000004,0.04,call,0,always_exercise,,,0.0,1.5178339136750552,1.5178339136750552
0.30000000000000004,0.04,put,0,always_exercise,,,0.0,1.5178339136750552,1.5178339136750552
0.30000000000000004,0.05,call,0,always_exercise,,,0.0,1.8971740955900671,1.8971740955900671
0.30000000000000004,0.05,put,0,always_exercise,,,0.0,1.89717409559006,1.89717409559006
0.30000000000000004,0.06,call,0,always_exercise,,,0.0,2.2764037419644865,2.2764037419644865
0.30000000000000004,0.06,put,0,always_exercise,,,0.0,2.2764037419644794,2.2764037419644794
0.30000000000000004,0.07,call,0,always_exercise,,,0.0,2.655495469643995,2.655495469643995
0.30000000000000004,0.07,put,0,always_exercise,,,0.0,2.655495469643995,2.655495469643995
0.30000000000000004,0.08,call,0,always_exercise,,,0.0,3.034423812657714,3.034423812657714
0.30000000000000004,0.08,put,0,always_exercise,,,0.0,3.034423812657714,3.034423812657714
0.30000000000000004,0.09,call,0,always_exercise,,,0.0,3.4131649825211667,3.4131649825211667
0.30000000000000004,0.09,put,0,always_exercise,,,0.0,3.4131649825211667,3.4131649825211667
0.30000000000000004,0.1,call,0,always_exercise,,,0.0,3.791696664230855,3.791696664230855
0.30000000000000004,0.1,put,0,always_exercise,,,0.0,3.791696664230855,3.791696664230855
0.31,0.0,call,200,multiple_200,50.25,149.75,0.0,0.0,0.0
0.31,0.0,put,200,multiple_200,50.25,149.75,0.0,0.0,0.0
0.31,0.01,call,0,always_exercise,,,0.0,0.37948374857820255,0.37948374857820255
0.31,0.01,put,0,always_exercise,,,0.0,0.37948374857821676,0.37948374857821676
0.31,0.02,call,0,always_exercise,,,0.0,0.7589537166538491,0.7589537166538491
0.31,0.02,put,0,always_exercise,,,0.0,0.7589537166538562,0.7589537166538562
0.31,0.03,call,0,always_exercise,,,0.0,1.1383748509182254,1.1383748509182254
0.31,0.03,put,0,always_exercise,,,0.0,1.1383748509182325,1.1383748509182325
0.31,0.04,call,0,always_exercise,,,0.0,1.5177150328332232,1.5177150328332232
0.31,0.04,put,0,always_exercise,,,0.0,1.5177150328332374,1.5177150328332374
0.31,0.05,call,0,always_exercise,,,0.0,1.8969446792076496,1.8969446792076496
0.31,0.05,put,0,always_exercise,,,0.0,1.8969446792076567,1.8969446792076567
0.31,0.06,call,0,always_exercise,,,0.0,2.2760364068871652,2.2760364068871652
0.31,0.06,put,0,always_exercise,,,0.0,2.2760364068871723,2.2760364068871723
0.31,0.07,call,0,always_exercise,,,0.0,2.654964749900884,2.654964749900884
0.31,0.07,put,0,always_exercise,,,0.0,2.654964749900884,2.654964749900884
0.31,0.08,call,0,always_exercise,,,0.0,3.033705919764337,3.033705919764337
0.31,0.08,put,0,always_exercise,,,0.0,3.033705919764344,3.033705919764344
0.31,0.09,call,0,always_exercise,,,0.0,3.4122376014740254,3.4122376014740254
0.31,0.09,put,0,always_exercise,,,0.0,3.4122376014740325,3.4122376014740325
0.31,0.1,call,0,always_exercise,,,0.0,3.7905387791666243,3.7905387791666243
0.31,0.1,put,0,always_exercise,,,0.0,3.7905387791666243,3.7905387791666243
0.32,0.0,call,200,multiple_200,50.25,149.75,0.0,0.0,0.0
0.32,0.0,put,200,multiple_200,50.25,149.75,0.0,0.0,0.0
0.32,0.01,call,0,always_exercise,,,0.0,0.3794699680756466,0.3794699680756466
0.32,0.01,put,0,always_exercise,,,0.0,0.3794699680756395,0.3794699680756395
0.32,0.02,call,0,always_exercise,,,0.0,0.7588911023400229,0.7588911023400229
0.32,0.02,put,0,always_exercise,,,0.0,0.7588911023400158,0.7588911023400158
0.32,0.03,call,0,always_exercise,,,0.0,1.1382312842550206,1.1382312842550206
0.32,0.03,put,0,always_exercise,,,0.0,1.1382312842550206,1.1382312842550206
0.32,0.04,call,0,always_exercise,,,0.0,1.517460930629447,1.517460930629447
0.32,0.04,put,0,always_exercise,,,0.0,1.51746093062944,1.51746093062944
0.32,0.05,call,0,always_exercise,,,0.0,1.8965526583089627,1.8965526583089627
0.32,0.05,put,0,always_exercise,,,0.0,1.8965526583089556,1.8965526583089556
0.32,0.06,call,0,always_exercise,,,0.0,2.2754810013226816,2.2754810013226816
0.32,0.06,put,0,always_exercise,,,0.0,2.2754810013226674,2.2754810013226674
0.32,0.07,call,0,always_exercise,,,0.0,2.6542221711861345,2.6542221711861345
0.32,0.07,put,0,always_exercise,,,0.0,2.6542221711861274,2.6542221711861274
0.32,0.08,call,0,always_exercise,,,0.0,3.032753852895823,3.032753852895823
0.32,0.08,put,0,always_exercise,,,0.0,3.032753852895816,3.032753852895816
0.32,0.09,call,0,always_exercise,,,0.0,3.4110550305884217,3.4110550305884217
0.32,0.09,put,0,always_exercise,,,0.0,3.4110550305884075,3.4110550305884075
0.32,0.1,call,0,always_exercise,,,0.0,3.789105837971718,3.789105837971718
0.32,0.1,put,0,always_exercise,,,0.0,3.7891058379717037,3.7891058379717037
0.33,0.0,call,200,multiple_200,50.25,149.75,0.0,0.0,0.0
0.33,0.0,put,200,multiple_200,50.25,149.75,0.0,0.0,0.0
0.33,0.01,call,0,always_exercise,,,0.0,0.3794211342643763,0.3794211342643763
0.33,0.01,put,0,always_exercise,,,0.0,0.3794211342643763,0.3794211342643763
0.33,0.02,call,0,always_exercise,,,0.0,0.7587613161793882,0.7587613161793882
0.33,0.02,put,0,always_exercise,,,0.0,0.7587613161793811,0.7587613161793811
0.33,0.03,call,0,always_exercise,,,0.0,1.1379909625538005,1.1379909625538005
0.33,0.03,put,0,always_exercise,,,0.0,1.1379909625538005,1.1379909625538005
0.33,0.04,call,0,always_exercise,,,0.0,1.517082690233316,1.517082690233316
0.33,0.04,put,0,always_exercise,,,0.0,1.517082690233316,1.517082690233316
0.33,0.05,call,0,always_exercise,,,0.0,1.896011033247035,1.896011033247035
0.33,0.05,put,0,always_exercise,,,0.0,1.896011033247028,1.896011033247028
0.33,0.06,call,0,always_exercise,,,0.0,2.274752203110488,2.274752203110488
0.33,0.06,put,0,always_exercise,,,0.0,2.274752203110488,2.274752203110488
0.33,0.07,call,0,always_exercise,,,0.0,2.6532838848201763,2.6532838848201763
0.33,0.07,put,0,always_exercise,,,0.0,2.6532838848201763,2.6532838848201763
0.33,0.08,call,0,always_exercise,,,0.0,3.031585062512775,3.031585062512775
0.33,0.08,put,0,always_exercise,,,0.0,3.031585062512768,3.031585062512768
0.33,0.09,call,0,always_exercise,,,0.0,3.4096358698960714,3.4096358698960714
0.33,0.09,put,0,always_exercise,,,0.0,3.4096358698960643,3.4096358698960643
0.33,0.1,call,0,always_exercise,,,0.0,3.7874174614588796,3.7874174614588796
0.33,0.1,put,0,always_exercise,,,0.0,3.7874174614588796,3.7874174614588796
0.34,0.0,call,200,multiple_200,50.25,149.75,0.0,0.0,0.0
0.34,0.0,put,200,multiple_200,50.25,149.75,0.0,0.0,0.0
0.34,0.01,call,0,always_exercise,,,0.0,0.37934018191501195,0.37934018191501195
0.34,0.01,put,0,always_exercise,,,0.0,0.37934018191500485,0.37934018191500485
0.34,0.02,call,0,always_exercise,,,0.0,0.7585698282894313,0.7585698282894313
0.34,0.02,put,0,always_exercise,,,0.0,0.7585698282894242,0.7585698282894242
0.34,0.03,call,0,always_exercise,,,0.0,1.1376615559689398,1.1376615559689398
0.34,0.03,put,0,always_exercise,,,0.0,1.1376615559689398,1.1376615559689398
0.34,0.04,call,0,always_exercise,,,0.0,1.5165898989826587,1.5165898989826587
0.34,0.04,put,0,always_exercise,,,0.0,1.5165898989826516,1.5165898989826516
0.34,0.05,call,0,always_exercise,,,0.0,1.8953310688461116,1.8953310688461116
0.34,0.05,put,0,always_exercise,,,0.0,1.8953310688461116,1.8953310688461116
0.34,0.06,call,0,always_exercise,,,0.0,2.2738627505558,2.2738627505558
0.34,0.06,put,0,always_exercise,,,0.0,2.2738627505558,2.2738627505558
0.34,0.07,call,0,always_exercise,,,0.0,2.652163928248399,2.652163928248399
0.34,0.07,put,0,always_exercise,,,0.0,2.6521639282483918,2.6521639282483918
0.34,0.08,call,0,always_exercise,,,0.0,3.030214735631695,3.030214735631695
0.34,0.08,put,0,always_exercise,,,0.0,3.030214735631688,3.030214735631688
0.34,0.09,call,0,always_exercise,,,0.0,3.4079963271945033,3.4079963271945033
0.34,0.09,put,0,always_exercise,,,0.0,3.4079963271945033,3.4079963271945033
0.34,0.1,call,0,always_exercise,,,0.0,3.785490766920418,3.785490766920418
0.34,0.1,put,0,always_exercise,,,0.0,3.785490766920425,3.785490766920425
0.35,0.0,call,200,multiple_200,50.25,149.75,0.0,0.0,0.0
0.35,0.0,put,200,multiple_200,50.25,149.75,0.0,0.0,0.0
0.35,0.01,call,0,always_exercise,,,0.0,0.37922964637442647,0.37922964637442647
0.35,0.01,put,0,always_exercise,,,0.0,0.37922964637441936,0.37922964637441936
0.35,0.02,call,0,always_exercise,,,0.0,0.7583213740539421,0.7583213740539421
0.35,0.02,put,0,always_exercise,,,0.0,0.758321374053935,0.758321374053935
0.35,0.03,call,0,always_exercise,,,0.0,1.137249717067661,1.137249717067661
0.35,0.03,put,0,always_exercise,,,0.0,1.1372497170676468,1.1372497170676468
0.35,0.04,call,0,always_exercise,,,0.0,1.5159908869311138,1.5159908869311138
0.35,0.04,put,0,always_exercise,,,0.0,1.5159908869311067,1.5159908869311067
0.35,0.05,call,0,always_exercise,,,0.0,1.8945225686408023,1.8945225686408023
0.35,0.05,put,0,always_exercise,,,0.0,1.894522568640788,1.894522568640788
0.35,0.06,call,0,always_exercise,,,0.0,2.272823746333394,2.272823746333394
0.35,0.06,put,0,always_exercise,,,0.0,2.272823746333387,2.272823746333387
0.35,0.07,call,0,always_exercise,,,0.0,2.6508745537166902,2.6508745537166902
0.35,0.07,put,0,always_exercise,,,0.0,2.650874553716683,2.650874553716683
0.35,0.08,call,0,always_exercise,,,0.0,3.0286561452795056,3.0286561452795056
0.35,0.08,put,0,always_exercise,,,0.0,3.0286561452794984,3.0286561452794984
0.35,0.09,call,0,always_exercise,,,0.0,3.4061505850054203,3.4061505850054203
0.35,0.09,put,0,always_exercise,,,0.0,3.4061505850054132,3.4061505850054132
0.35,0.1,call,0,always_exercise,,,0.0,3.7833407498918064,3.7833407498918064
0.35,0.1,put,0,always_exercise,,,0.0,3.7833407498917992,3.7833407498917992
0.36,0.0,call,200,multiple_200,50.25,149.75,0.0,0.0,0.0
0.36,0.0,put,200,multiple_200,50.25,149.75,0.0,0.0,0.0
0.36,0.01,call,0,always_exercise,,,0.0,0.3790917276795156,0.3790917276795156
0.36,0.01,put,0,always_exercise,,,0.0,0.3790917276795156,0.3790917276795156
0.36,0.02,call,0,always_exercise,,,0.0,0.7580200706932345,0.7580200706932345
0.36,0.02,put,0,always_exercise,,,0.0,0.7580200706932274,0.7580200706932274
0.36,0.03,call,0,always_exercise,,,0.0,1.1367612405566874,1.1367612405566874
0.36,0.03,put,0,always_exercise,,,0.0,1.1367612405566874,1.1367612405566874
0.36,0.04,call,0,always_exercise,,,0.0,1.5152929222663758,1.5152929222663758
0.36,0.04,put,0,always_exercise,,,0.0,1.5152929222663687,1.5152929222663687
0.36,0.05,call,0,always_exercise,,,0.0,1.8935940999589675,1.8935940999589675
0.36,0.05,put,0,always_exercise,,,0.0,1.8935940999589675,1.8935940999589675
0.36,0.06,call,0,always_exercise,,,0.0,2.2716449073422638,2.2716449073422638
0.36,0.06,put,0,always_exercise,,,0.0,2.2716449073422638,2.2716449073422638
0.36,0.07,call,0,always_exercise,,,0.0,2.649426498905079,2.649426498905079
0.36,0.07,put,0,always_exercise,,,0.0,2.649426498905079,2.649426498905079
0.36,0.08,call,0,always_exercise,,,0.0,3.026920938630994,3.026920938630994
0.36,0.08,put,0,always_exercise,,,0.0,3.026920938630994,3.026920938630994
0.36,0.09,call,0,always_exercise,,,0.0,3.40411110351738,3.40411110351738
0.36,0.09,put,0,always_exercise,,,0.0,3.40411110351738,3.40411110351738
0.36,0.1,call,0,always_exercise,,,0.0,3.7809805996654546,3.7809805996654546
0.36,0.1,put,0,always_exercise,,,0.0,3.7809805996654475,3.7809805996654475
0.37,0.0,call,200,multiple_200,50.25,149.75,0.0,0.0,0.0
0.37,0.0,put,200,multiple_200,50.25,149.75,0.0,0.0,0.0
0.37,0.01,call,0,always_exercise,,,0.0,0.3789283430137189,0.3789283430137189
0.37,0.01,put,0,always_exercise,,,0.0,0.3789283430137118,0.3789283430137118
0.37,0.02,call,0,always_exercise,,,0.0,0.7576695128771718,0.7576695128771718
0.37,0.02,put,0,always_exercise,,,0.0,0.7576695128771718,0.7576695128771718
0.37,0.03,call,0,always_exercise,,,0.0,1.1362011945868602,1.1362011945868602
0.37,0.03,put,0,always_exercise,,,0.0,1.1362011945868602,1.1362011945868602
0.37,0.04,call,0,always_exercise,,,0.0,1.514502372279452,1.514502372279452
0.37,0.04,put,0,always_exercise,,,0.0,1.514502372279452,1.514502372279452
0.37,0.05,call,0,always_exercise,,,0.0,1.8925531796627482,1.8925531796627482
0.37,0.05,put,0,always_exercise,,,0.0,1.8925531796627482,1.8925531796627482
0.37,0.06,call,0,always_exercise,,,0.0,2.2703347712255635,2.2703347712255635
0.37,0.06,put,0,always_exercise,,,0.0,2.2703347712255635,2.2703347712255635
0.37,0.07,call,0,always_exercise,,,0.0,2.6478292109514783,2.6478292109514783
0.37,0.07,put,0,always_exercise,,,0.0,2.6478292109514783,2.6478292109514783
0.37,0.08,call,0,always_exercise,,,0.0,3.0250193758378643,3.0250193758378643
0.37,0.08,put,0,always_exercise,,,0.0,3.0250193758378643,3.0250193758378643
0.37,0.09,call,0,always_exercise,,,0.0,3.401888871985939,3.401888871985939
0.37,0.09,put,0,always_exercise,,,0.0,3.401888871985932,3.401888871985932
0.37,0.1,call,0,always_exercise,,,0.0,3.7784219614045256,3.7784219614045256
0.37,0.1,put,0,always_exercise,,,0.0,3.7784219614045185,3.7784219614045185
0.38,0.0,call,200,multiple_200,50.25,149.75,0.0,0.0,0.0
0.38,0.0,put,200,multiple_200,50.25,149.75,0.0,0.0,0.0
0.38,0.01,call,0,always_exercise,,,0.0,0.37874116986345285,0.37874116986345285
0.38,0.01,put,0,always_exercise,,,0.0,0.37874116986345996,0.37874116986345996
0.38,0.02,call,0,always_exercise,,,0.0,0.7572728515731413,0.7572728515731413
0.38,0.02,put,0,always_exercise,,,0.0,0.7572728515731484,0.7572728515731484
0.38,0.03,call,0,always_exercise,,,0.0,1.1355740292657401,1.1355740292657401
0.38,0.03,put,0,always_exercise,,,0.0,1.1355740292657401,1.1355740292657401
0.38,0.04,call,0,always_exercise,,,0.0,1.5136248366490292,1.5136248366490292
0.38,0.04,put,0,always_exercise,,,0.0,1.5136248366490364,1.5136248366490364
0.38,0.05,call,0,always_exercise,,,0.0,1.8914064282118446,1.8914064282118446
0.38,0.05,put,0,always_exercise,,,0.0,1.8914064282118517,1.8914064282118517
0.38,0.06,call,0,always_exercise,,,0.0,2.2689008679377594,2.2689008679377594
0.38,0.06,put,0,always_exercise,,,0.0,2.2689008679377665,2.2689008679377665
0.38,0.07,call,0,always_exercise,,,0.0,2.6460910328241454,2.6460910328241454
0.38,0.07,put,0,always_exercise,,,0.0,2.6460910328241525,2.6460910328241525
0.38,0.08,call,0,always_exercise,,,0.0,3.0229605289722272,3.0229605289722272
0.38,0.08,put,0,always_exercise,,,0.0,3.0229605289722343,3.0229605289722343
0.38,0.09,call,0,always_exercise,,,0.0,3.3994936183908067,3.3994936183908067
0.38,0.09,put,0,always_exercise,,,0.0,3.3994936183908067,3.3994936183908067
0.38,0.1,call,0,always_exercise,,,0.0,3.7756751549630962,3.7756751549630962
0.38,0.1,put,0,always_exercise,,,0.0,3.7756751549630962,3.7756751549630962
0.39,0.0,call,200,multiple_200,50.25,149.75,0.0,0.0,0.0
0.39,0.0,put,200,multiple_200,50.25,149.75,0.0,0.0,0.0
0.39,0.01,call,0,always_exercise,,,0.0,0.37853168170968843,0.37853168170968843
0.39,0.01,put,0,always_exercise,,,0.0,0.37853168170968843,0.37853168170968843
0.39,0.02,call,0,always_exercise,,,0.0,0.7568328594022873,0.7568328594022873
0.39,0.02,put,0,always_exercise,,,0.0,0.7568328594022802,0.7568328594022802
0.39,0.03,call,0,always_exercise,,,0.0,1.1348836667855835,1.1348836667855835
0.39,0.03,put,0,always_exercise,,,0.0,1.1348836667855764,1.1348836667855764
0.39,0.04,call,0,always_exercise,,,0.0,1.5126652583483917,1.5126652583483917
0.39,0.04,put,0,always_exercise,,,0.0,1.5126652583483917,1.5126652583483917
0.39,0.05,call,0,always_exercise,,,0.0,1.8901596980743065,1.8901596980743065
0.39,0.05,put,0,always_exercise,,,0.0,1.8901596980743065,1.8901596980743065
0.39,0.06,call,0,always_exercise,,,0.0,2.2673498629606925,2.2673498629606925
0.39,0.06,put,0,always_exercise,,,0.0,2.2673498629606925,2.2673498629606925
0.39,0.07,call,0,always_exercise,,,0.0,2.6442193591087744,2.6442193591087744
0.39,0.07,put,0,always_exercise,,,0.0,2.6442193591087744,2.6442193591087744
0.39,0.08,call,0,always_exercise,,,0.0,3.020752448527361,3.020752448527361
0.39,0.08,put,0,always_exercise,,,0.0,3.020752448527354,3.020752448527354
0.39,0.09,call,0,always_exercise,,,0.0,3.3969339850996434,3.3969339850996434
0.39,0.09,put,0,always_exercise,,,0.0,3.3969339850996363,3.3969339850996363
0.39,0.1,call,0,always_exercise,,,0.0,3.7727493584132006,3.7727493584132006
0.39,0.1,put,0,always_exercise,,,0.0,3.7727493584132006,3.7727493584132006
0.4,0.0,call,200,multiple_200,50.25,149.75,0.0,0.0,0.0
0.4,0.0,put,200,multiple_200,50.25,149.75,0.0,0.0,0.0
0.4,0.01,call,0,always_exercise,,,0.0,0.37830117769259886,0.37830117769259886
0.4,0.01,put,0,always_exercise,,,0.0,0.37830117769259175,0.37830117769259175
0.4,0.02,call,0,always_exercise,,,0.0,0.7563519850758951,0.7563519850758951
0.4,0.02,put,0,always_exercise,,,0.0,0.756351985075888,0.756351985075888
0.4,0.03,call,0,always_exercise,,,0.0,1.1341335766387033,1.1341335766387033
0.4,0.03,put,0,always_exercise,,,0.0,1.1341335766387033,1.1341335766387033
0.4,0.04,call,0,always_exercise,,,0.0,1.511628016364618,1.511628016364618
0.4,0.04,put,0,always_exercise,,,0.0,1.511628016364618,1.511628016364618
0.4,0.05,call,0,always_exercise,,,0.0,1.888818181251004,1.888818181251004
0.4,0.05,put,0,always_exercise,,,0.0,1.888818181251004,1.888818181251004
0.4,0.06,call,0,always_exercise,,,0.0,2.265687677399086,2.265687677399086
0.4,0.06,put,0,always_exercise,,,0.0,2.265687677399086,2.265687677399086
0.4,0.07,call,0,always_exercise,,,0.0,2.6422207668176725,2.6422207668176725
0.4,0.07,put,0,always_exercise,,,0.0,2.6422207668176654,2.6422207668176654
0.4,0.08,call,0,always_exercise,,,0.0,3.018402303389962,3.018402303389962
0.4,0.08,put,0,always_exercise,,,0.0,3.018402303389955,3.018402303389955
0.4,0.09,call,0,always_exercise,,,0.0,3.394217676703512,3.394217676703512
0.4,0.09,put,0,always_exercise,,,0.0,3.394217676703512,3.394217676703512
0.4,0.1,call,0,always_exercise,,,0.0,3.7696527626501677,3.7696527626501677
0.4,0.1,put,0,always_exercise,,,0.0,3.7696527626501677,3.7696527626501677
